{
  "click": 3,
  "input_pose_map": {
    "x": -0.03549337387084961,
    "y": -0.061528682708740234,
    "yaw_rad": 0.07550982518928055,
    "yaw_deg": 4.326394295116408
  },
  "map_yaml": "/workspace/src/world_to_map/maps/warehouse.yaml",
  "source": [
    3.981274,
    7.866986
  ],
  "destination": [
    11.512874,
    13.666186
  ],
  "crop_radius_m": 18.0,
  "output_size": 512
}